{
  "mode": "self_tuned_knn",
  "n_rows": 45,
  "n_classes": 4,
  "accuracy": 0.3333333333333333,
  "macro_f1": 0.27777777777777773,
  "weighted_f1": 0.27777777777777773,
  "random_state": 42,
  "max_files": 45,
  "n_bins": 4,
  "block_contrast": 0.3769463607058805,
  "spectral_gap": 0.18212927555707994,
  "mean_similarity": 0.11136348732862268
}