{
  "previous_matrix_metrics_file": "training\\models\\contact_map_compare\\sharpen_mode_metrics.csv",
  "baseline_report": "training\\models\\retrain_ablation\\contact_train_report_none.json",
  "new_report": "training\\models\\retrain_ablation\\contact_train_report_self_tuned_knn.json",
  "deltas_new_minus_baseline": {
    "accuracy": 0.25,
    "macro_f1": 0.19444444444444442,
    "weighted_f1": 0.19444444444444442,
    "block_contrast": 0.17593238264526656,
    "spectral_gap": -0.29745203765705996
  },
  "matrix_metric_rows": [
    {
      "mode": "self_tuned_knn",
      "block_contrast": 0.3769463607058805,
      "spectral_gap": 0.1821292755570799,
      "mean_similarity": 0.1113634873286226
    },
    {
      "mode": "none",
      "block_contrast": 0.2010139780606139,
      "spectral_gap": 0.4795813132141399,
      "mean_similarity": 0.4358299044436664
    }
  ],
  "retrain_rows": [
    {
      "mode": "none",
      "n_rows": 45,
      "n_classes": 4,
      "accuracy": 0.08333333333333333,
      "macro_f1": 0.08333333333333333,
      "weighted_f1": 0.08333333333333333,
      "block_contrast": 0.20101397806061394,
      "spectral_gap": 0.4795813132141399,
      "mean_similarity": 0.4358299044436664,
      "hit_at_5": null,
      "hit_at_10": null,
      "nmi": null,
      "ari": null,
      "silhouette": null,
      "assortativity": null,
      "mask_iou_mean": null,
      "mask_dice_mean": null,
      "laplacian_energy": null
    },
    {
      "mode": "self_tuned_knn",
      "n_rows": 45,
      "n_classes": 4,
      "accuracy": 0.3333333333333333,
      "macro_f1": 0.27777777777777773,
      "weighted_f1": 0.27777777777777773,
      "block_contrast": 0.3769463607058805,
      "spectral_gap": 0.18212927555707994,
      "mean_similarity": 0.11136348732862268,
      "hit_at_5": null,
      "hit_at_10": null,
      "nmi": null,
      "ari": null,
      "silhouette": null,
      "assortativity": null,
      "mask_iou_mean": null,
      "mask_dice_mean": null,
      "laplacian_energy": null
    }
  ]
}