{
  "mode": "sinkhorn",
  "model_family": "svm_rbf_calibrated",
  "leakage_mode": "strict_train_only",
  "n_rows": 95,
  "n_classes": 4,
  "n_train": 71,
  "n_test": 24,
  "accuracy": 0.5,
  "macro_f1": 0.4916056166056166,
  "weighted_f1": 0.5042480667480668,
  "random_state": 42,
  "max_files": 100000,
  "n_bins": 4,
  "test_size": 0.25,
  "block_contrast": 0.15980783087766867,
  "spectral_gap": 0.31400278321225095,
  "mean_similarity": 0.04434746848912506
}