{
  "mode": "sinkhorn",
  "model_family": "svm_rbf_calibrated",
  "leakage_mode": "transductive",
  "n_rows": 95,
  "n_classes": 4,
  "n_train": 71,
  "n_test": 24,
  "accuracy": 0.625,
  "macro_f1": 0.6484848484848484,
  "weighted_f1": 0.6484848484848486,
  "random_state": 42,
  "max_files": 100000,
  "n_bins": 4,
  "test_size": 0.25,
  "block_contrast": 0.11744803243362191,
  "spectral_gap": 0.3894220862380765,
  "mean_similarity": 0.052588910517962315
}