start_time,end_time,bars,weight,score,track_id,tag_title,tag_genres,tag_styles,tag_track_number
14.245442176870748,16.39328798185941,1,0.5373179138812622,0.20862266856769324,"03 Yes, I Do","Yes, I Do",Rock,,3
14.79111111111111,16.938956916099773,1,0.5290357984488722,0.20835244334892974,"03 Yes, I Do","Yes, I Do",Rock,,3
105.19800453514739,107.3922902494331,1,0.5128160165845101,0.2030084542065485,"03 Yes, I Do","Yes, I Do",Rock,,3
1.0332879818594105,3.250793650793651,1,0.5066476492376074,0.1973482460764332,"03 Yes, I Do","Yes, I Do",Rock,,3
104.66394557823129,106.81179138321995,1,0.4775351597312775,0.19680161814223787,"03 Yes, I Do","Yes, I Do",Rock,,3
