{
  "n_rows": 599,
  "n_train": 479,
  "n_test": 120,
  "class_counts": {
    "snare": 144,
    "hihat": 128,
    "perc": 120,
    "kick": 94,
    "tom": 85,
    "clap": 28
  },
  "report": {
    "clap": {
      "precision": 1.0,
      "recall": 0.6,
      "f1-score": 0.75,
      "support": 5.0
    },
    "hihat": {
      "precision": 0.8,
      "recall": 0.9230769230769231,
      "f1-score": 0.8571428571428571,
      "support": 26.0
    },
    "kick": {
      "precision": 0.95,
      "recall": 1.0,
      "f1-score": 0.9743589743589743,
      "support": 19.0
    },
    "perc": {
      "precision": 1.0,
      "recall": 0.5,
      "f1-score": 0.6666666666666666,
      "support": 24.0
    },
    "snare": {
      "precision": 0.7567567567567568,
      "recall": 0.9655172413793104,
      "f1-score": 0.8484848484848485,
      "support": 29.0
    },
    "tom": {
      "precision": 0.8333333333333334,
      "recall": 0.8823529411764706,
      "f1-score": 0.8571428571428571,
      "support": 17.0
    },
    "accuracy": 0.8416666666666667,
    "macro avg": {
      "precision": 0.890015015015015,
      "recall": 0.8118245176054506,
      "f1-score": 0.8256327006327006,
      "support": 120.0
    },
    "weighted avg": {
      "precision": 0.8663551051051052,
      "recall": 0.8416666666666667,
      "f1-score": 0.8310501998001997,
      "support": 120.0
    }
  },
  "labels": [
    "clap",
    "hihat",
    "kick",
    "perc",
    "snare",
    "tom"
  ],
  "confusion_matrix": [
    [
      3,
      2,
      0,
      0,
      0,
      0
    ],
    [
      0,
      24,
      0,
      0,
      2,
      0
    ],
    [
      0,
      0,
      19,
      0,
      0,
      0
    ],
    [
      0,
      3,
      1,
      12,
      5,
      3
    ],
    [
      0,
      1,
      0,
      0,
      28,
      0
    ],
    [
      0,
      0,
      0,
      0,
      2,
      15
    ]
  ]
}