{
  "mode": "none",
  "model_family": "rf",
  "leakage_mode": "transductive",
  "n_rows": 16,
  "n_classes": 3,
  "n_train": 12,
  "n_test": 4,
  "accuracy": 0.5,
  "macro_f1": 0.4444444444444444,
  "weighted_f1": 0.5,
  "random_state": 42,
  "max_files": 16,
  "n_bins": 3,
  "test_size": 0.25,
  "block_contrast": 0.334843515776947,
  "spectral_gap": 0.4304517114990518,
  "mean_similarity": 0.3831190907108029
}