{
  "mode": "none",
  "model_family": "svm_rbf_calibrated",
  "leakage_mode": "strict_train_only",
  "n_rows": 16,
  "n_classes": 3,
  "n_train": 12,
  "n_test": 4,
  "accuracy": 0.25,
  "macro_f1": 0.16666666666666666,
  "weighted_f1": 0.25,
  "random_state": 42,
  "max_files": 16,
  "n_bins": 3,
  "test_size": 0.25,
  "block_contrast": 0.3940352344869444,
  "spectral_gap": 0.36478154933394596,
  "mean_similarity": 0.32365815356739047
}