{
  "mode": "sinkhorn",
  "model_family": "svm_rbf_calibrated",
  "leakage_mode": "transductive",
  "n_rows": 95,
  "n_classes": 4,
  "n_train": 71,
  "n_test": 24,
  "accuracy": 0.7083333333333334,
  "macro_f1": 0.6981518481518482,
  "weighted_f1": 0.6900349650349651,
  "random_state": 42,
  "max_files": 120,
  "n_bins": 4,
  "test_size": 0.25,
  "block_contrast": 0.11543867191912738,
  "spectral_gap": 0.40707932965059035,
  "mean_similarity": 0.04966958772099875
}