{
  "mode": "none",
  "model_family": "stacking_rf_svm",
  "leakage_mode": "transductive",
  "n_rows": 95,
  "n_classes": 4,
  "n_train": 71,
  "n_test": 24,
  "accuracy": 0.5833333333333334,
  "macro_f1": 0.5882617382617383,
  "weighted_f1": 0.5682400932400933,
  "random_state": 42,
  "max_files": 120,
  "n_bins": 4,
  "test_size": 0.25,
  "block_contrast": 0.239070881826158,
  "spectral_gap": 0.5598570581022336,
  "mean_similarity": 0.31392681371473274
}