{
  "mode": "sinkhorn",
  "model_family": "stacking_rf_svm",
  "leakage_mode": "transductive",
  "n_rows": 95,
  "n_classes": 4,
  "n_train": 71,
  "n_test": 24,
  "accuracy": 0.6666666666666666,
  "macro_f1": 0.6518620268620269,
  "weighted_f1": 0.6427808302808303,
  "random_state": 42,
  "max_files": 120,
  "n_bins": 4,
  "test_size": 0.25,
  "block_contrast": 0.11543867191912738,
  "spectral_gap": 0.40707932965059035,
  "mean_similarity": 0.04966958772099875
}