{
  "mode": "sinkhorn",
  "model_family": "knn",
  "leakage_mode": "transductive",
  "n_rows": 95,
  "n_classes": 4,
  "n_train": 71,
  "n_test": 24,
  "accuracy": 0.625,
  "macro_f1": 0.617965367965368,
  "weighted_f1": 0.6154401154401153,
  "random_state": 42,
  "max_files": 120,
  "n_bins": 4,
  "test_size": 0.25,
  "block_contrast": 0.11543867191912738,
  "spectral_gap": 0.40707932965059035,
  "mean_similarity": 0.04966958772099875
}