start_time,end_time,bars,weight,score,track_id,tag_title,tag_genres,tag_styles,tag_track_number
72.81777777777778,74.93079365079365,1,1.0,0.22108972072601318,"03 Yes, I Do","Yes, I Do",Rock,,3
72.3069387755102,74.40834467120182,1,1.0,0.21574056148529053,"03 Yes, I Do","Yes, I Do",Rock,,3
51.45541950113379,53.56843537414966,1,1.0,0.21562328934669495,"03 Yes, I Do","Yes, I Do",Rock,,3
75.98730158730159,78.13514739229025,1,1.0,0.2147318720817566,"03 Yes, I Do","Yes, I Do",Rock,,3
50.43374149659864,52.523537414965986,1,1.0,0.21242529153823853,"03 Yes, I Do","Yes, I Do",Rock,,3
