start_time,end_time,bars,weight,score,track_id,tag_title,tag_genres,tag_styles,tag_track_number
58.65360544217687,60.46476190476191,1,0.7018837044588091,0.2622656176969815,06 I Need You,I Need You,Rock,,6
58.13115646258503,60.03519274376417,1,0.691091515985102,0.2614113549491675,06 I Need You,I Need You,Rock,,6
59.10639455782313,60.9059410430839,1,0.673160368219016,0.25922785521000563,06 I Need You,I Need You,Rock,,6
58.65360544217687,62.26430839002268,2,0.6762545021948094,0.25906077139308675,06 I Need You,I Need You,Rock,,6
60.46476190476191,62.26430839002268,1,0.6590360577861952,0.25807271081091426,06 I Need You,I Need You,Rock,,6
